board_token,company_name,job_count,careers_url,discovered_at
alxafrica,ALX Africa,21,https://boards.greenhouse.io/alxafrica,2025-03-31 08:00:41
afresh,Afresh,9,https://boards.greenhouse.io/afresh,2025-03-31 07:35:02
campusopportunities,Campus Opportunities,6,https://boards.greenhouse.io/campusopportunities,2025-03-31 19:48:16
classdojo,ClassDojo,23,https://boards.greenhouse.io/classdojo,2025-03-31 21:07:07
clipboardhealth,Clipboard Health,38,https://boards.greenhouse.io/clipboardhealth,2025-03-31 23:42:06
curaleaf,Curaleaf ,193,https://boards.greenhouse.io/curaleaf,2025-03-31 23:42:03
dept,DEPTÂ®,177,https://boards.greenhouse.io/dept,2025-03-31 21:44:21
dms,DMS.tech,16,https://boards.greenhouse.io/dms,2025-03-31 13:56:35
datacamp,DataCamp,40,https://boards.greenhouse.io/datacamp,2025-03-31 10:24:25
drsquatch,Dr. Squatch,18,https://boards.greenhouse.io/drsquatch,2025-03-31 19:05:38
elitetechnology,Elite Technology,28,https://boards.greenhouse.io/elitetechnology,2025-03-31 09:43:26
evolutionaryscale,Evolutionary Scale,8,https://boards.greenhouse.io/evolutionaryscale,2025-03-31 18:05:58
execonline,ExecOnline,1,https://boards.greenhouse.io/execonline,2025-03-31 13:04:52
financialtechnologypartners,Financial Technology Partners,6,https://boards.greenhouse.io/financialtechnologypartners,2025-03-31 14:20:09
freeformfuturecorp,Freeform,32,https://boards.greenhouse.io/freeformfuturecorp,2025-03-31 15:50:26
globalizationpartners,G-P,52,https://boards.greenhouse.io/globalizationpartners,2025-03-31 15:28:42
gofundme,GoFundMe,46,https://boards.greenhouse.io/gofundme,2025-03-31 13:51:34
havenhub,HavenHub,40,https://boards.greenhouse.io/havenhub,2025-03-31 23:24:48
headway,Headway,49,https://boards.greenhouse.io/headway,2025-03-31 07:19:46
infinitecommerce,Infinite Commerce,7,https://boards.greenhouse.io/infinitecommerce,2025-03-31 07:06:52
inversionspace,Inversion,24,https://boards.greenhouse.io/inversionspace,2025-03-31 09:55:21
iridiainc,"Iridia, Inc.",3,https://boards.greenhouse.io/iridiainc,2025-03-31 23:04:36
janestreet,Jane Street,175,https://boards.greenhouse.io/janestreet,2025-03-31 15:31:37
jetzero,JetZero,10,https://boards.greenhouse.io/jetzero,2025-03-31 09:41:14
kyocare,Kyo,110,https://boards.greenhouse.io/kyocare,2025-03-31 18:53:16
la2028,LA28,40,https://boards.greenhouse.io/la2028,2025-03-31 14:26:58
lmn,LMN,1,https://boards.greenhouse.io/lmn,2025-03-31 23:42:04
mill,Mill,14,https://boards.greenhouse.io/mill,2025-03-31 15:01:17
obsidiansecurity,Obsidian Security,36,https://boards.greenhouse.io/obsidiansecurity,2025-03-31 14:51:35
pdtpartners,PDT Partners,16,https://boards.greenhouse.io/pdtpartners,2025-03-31 13:20:52
paralleljobs,Parallel,25,https://boards.greenhouse.io/paralleljobs,2025-03-31 08:29:30
sonyinteractiveentertainmentglobal,PlayStation Global,180,https://boards.greenhouse.io/sonyinteractiveentertainmentglobal,2025-03-31 10:49:11
raft,Raft Company Website,20,https://boards.greenhouse.io/raft,2025-04-01 01:57:19
retool,Retool,47,https://boards.greenhouse.io/retool,2025-03-31 08:18:29
rocketlab,Rocket Lab USA,190,https://boards.greenhouse.io/rocketlab,2025-03-31 09:41:17
rockstargames,Rockstar Games,92,https://boards.greenhouse.io/rockstargames,2025-04-01 00:01:00
salsify,Salsify,32,https://boards.greenhouse.io/salsify,2025-03-31 16:48:01
scaleai,Scale AI,182,https://boards.greenhouse.io/scaleai,2025-03-31 08:01:55
servicechampions,Service Champions,9,https://boards.greenhouse.io/servicechampions,2025-03-31 10:46:35
silverado,Silverado,118,https://boards.greenhouse.io/silverado,2025-03-31 18:31:47
singlesprout,SingleSprout,3,https://boards.greenhouse.io/singlesprout,2025-04-01 00:07:25
stockx,StockX,23,https://boards.greenhouse.io/stockx,2025-04-01 02:37:36
supernal,Supernal,8,https://boards.greenhouse.io/supernal,2025-03-31 08:37:59
tia,Tia,21,https://boards.greenhouse.io/tia,2025-03-31 19:27:15
turing,Turing,35,https://boards.greenhouse.io/turing,2025-03-31 13:09:35
warp,Warp,3,https://boards.greenhouse.io/warp,2025-03-31 22:29:26
welbehealth,WelbeHealth,112,https://boards.greenhouse.io/welbehealth,2025-03-31 16:53:18
iherb,iHerb,30,https://boards.greenhouse.io/iherb,2025-03-31 07:16:07
insitro,insitro,7,https://boards.greenhouse.io/insitro,2025-04-01 00:22:12
xai,xAI,102,https://boards.greenhouse.io/xai,2025-03-31 10:23:56
